"Family","Genus","Species","lme","fao","Subspecies"
"Triglidae","Eutrigla","gurnardus","22",27,""
"Callionymidae","Callionymus","lyra","22",27,""
"Soleidae","Solea","solea","22",27,""
"Gadidae","Gadus","morhua","22",27,""
"Pleuronectidae","Hippoglossoides","platessoides","22",27,""
"Pleuronectidae","Limanda","limanda","22",27,""
"Gadidae","Merlangius","merlangus","22",27,""
"Pleuronectidae","Pleuronectes","platessa","22",27,""
"Scombridae","Scomber","scombrus","22",27,""
"Gadidae","Trisopterus","minutus","22",27,""
"Clupeidae","Clupea","harengus","22",27,""
"Clupeidae","Sprattus","sprattus","22",27,""
"Pleuronectidae","Microstomus","kitt","22",27,""
"Lotidae","Gaidropsarus","vulgaris","22",27,""
"Gadidae","Trisopterus","esmarkii","22",27,""
"Gadidae","Melanogrammus","aeglefinus","22",27,""
"Gadidae","Trisopterus","luscus","22",27,""
"Cyclopteridae","Cyclopterus","lumpus","22",27,""
"Rajidae","Amblyraja","radiata","22",27,""
"Squalidae","Squalus","acanthias","22",27,""
"Anarhichadidae","Anarhichas","lupus","22",27,""
"Gadidae","Pollachius","virens","22",27,""
"Gadidae","Pollachius","pollachius","22",27,""
"Sebastidae","Sebastes","","22",27,""
"Lotidae","Molva","molva","22",27,""
"Agonidae","Agonus","cataphractus","22",27,""
"Rajidae","Raja","clavata","22",27,""
"Scophthalmidae","Scophthalmus","maximus","22",27,""
"Lotidae","Enchelyopus","cimbrius","22",27,""
"Pleuronectidae","Glyptocephalus","cynoglossus","22",27,""
"Lophiidae",NA,"","22",27,""
"Argentinidae","Argentina","","22",27,""
"Pleuronectidae","Platichthys","flesus","22",27,""
"Rajidae","Dipturus","","22",27,""
"Rajidae","Leucoraja","naevus","22",27,""
"Stichaeidae","Lumpenus","lampretaeformis","22",27,""
"Merlucciidae","Merluccius","merluccius","22",27,""
"Cottidae","Triglops","murrayi","22",27,""
"Scyliorhinidae","Scyliorhinus","canicula","22",27,""
"Gadidae","Micromesistius","poutassou","22",27,""
"Rajidae",NA,"","22",27,""
"Carangidae","Trachurus","trachurus","22",27,""
"Callionymidae",NA,"","22",27,""
"Lophiidae","Lophius","piscatorius","22",27,""
"Cottidae",NA,"","22",27,""
"Gobiidae",NA,"","22",27,""
"Ammodytidae",NA,"","22",27,""
"Scophthalmidae","Lepidorhombus","whiffiagonis","22",27,""
"Scophthalmidae","Scophthalmus","rhombus","22",27,""
"Clupeidae","Alosa","","22",27,""
"Rajidae","Raja","brachyura","22",27,""
"Soleidae","Buglossidium","luteum","22",27,""
"Rajidae","Raja","montagui","22",27,""
"Scophthalmidae","Phrynorhombus","norvegicus","22",27,""
"Soleidae","Microchirus","variegatus","22",27,""
"Callionymidae","Callionymus","","22",27,""
"Sparidae",NA,"","22",27,""
"Bothidae",NA,"","22",27,""
"Triglidae","Chelidonichthys","cuculus","22",27,""
"Scophthalmidae","Zeugopterus","regius","22",27,""
"Bothidae","Arnoglossus","laterna","22",27,""
"Engraulidae","Engraulis","encrasicolus","22",27,""
"Sebastidae","Sebastes","viviparus","22",27,""
"Ammodytidae","Ammodytes","","22",27,""
"Pleuronectidae","Hippoglossus","hippoglossus","22",27,""
"Anarhichadidae",NA,"","22",27,""
"Lotidae","Gaidropsarus","","22",27,""
"Rajidae","Raja","","22",27,""
"Phycidae","Phycis","blennoides","22",27,""
"Chimaeridae","Chimaera","monstrosa","22",27,""
"Gadidae","Gadiculus","argenteus","22",27,""
"Lotidae","Brosme","brosme","22",27,""
"Gobiidae","Pomatoschistus","","22",27,""
"Gobiidae","Aphia","minuta","22",27,""
"Trachinidae","Echiichthys","vipera","22",27,""
"Liparidae","Liparis","","22",27,""
"Ammodytidae","Hyperoplus","lanceolatus","22",27,""
"Sternoptychidae","Maurolicus","muelleri","22",27,""
"Triakidae","Mustelus","","22",27,""
"Gasterosteidae",NA,"","22",27,""
"Zoarcidae","Lycodes","vahlii","22",27,""
"Cottidae","Myoxocephalus","scorpius","22",27,""
"Trachinidae","Trachinus","draco","22",27,""
"Anarhichadidae","Anarhichas","","22",27,""
"Ammodytidae","Ammodytes","tobianus","22",27,""
"Gasterosteidae","Gasterosteus","aculeatus aculeatus","22",27,"aculeatus"
"Zoarcidae","Lycodes","","22",27,""
"Etmopteridae","Etmopterus","spinax","22",27,""
"Salmonidae","Salmo","trutta trutta","22",27,"trutta"
"Syngnathidae","Syngnathus","","22",27,""
"Stichaeidae",NA,"","22",27,""
"Myxinidae","Myxine","glutinosa","22",27,""
"Anguillidae","Anguilla","anguilla","22",27,""
"Petromyzontidae","Petromyzon","marinus","22",27,""
"Congridae","Conger","conger","22",27,""
"Sebastidae","Helicolenus","dactylopterus","22",27,""
"Rajidae","Leucoraja","fullonica","22",27,""
"Triglidae",NA,"","22",27,""
"Scophthalmidae","Zeugopterus","punctatus","22",27,""
"Lotidae","Ciliata","","22",27,""
"Zoarcidae","Zoarces","viviparus","22",27,""
"Syngnathidae",NA,"","22",27,""
"Clupeidae","Sardina","pilchardus","22",27,""
"Zoarcidae","Lycenchelys","sarsii","22",27,""
"Cottidae","Taurulus","bubalis","22",27,""
"Anguillidae",NA,"","22",27,""
"Syngnathidae","Entelurus","aequoreus","22",27,""
"Ammodytidae","Ammodytes","marinus","22",27,""
"Rajidae","Raja","undulata","22",27,""
"Anarhichadidae","Anarhichas","minor","22",27,""
"Lotidae","Molva","dypterygia","22",27,""
"Pholidae","Pholis","gunnellus","22",27,""
"Gadidae","Raniceps","raninus","22",27,""
"Zeidae","Zeus","faber","22",27,""
"Gobiidae","Crystallogobius","linearis","22",27,""
"Cyclopteridae",NA,"","22",27,""
"Osmeridae","Osmerus","eperlanus","22",27,""
"Triakidae","Galeorhinus","galeus","22",27,""
"Scyliorhinidae","Scyliorhinus","stellaris","22",27,""
"Mullidae","Mullus","surmuletus","22",27,""
"Scomberesocidae","Scomberesox","saurus saurus","22",27,"saurus"
"Gadidae","Gadiculus","","22",27,""
"Gobiidae","Gobius","","22",27,""
"Carapidae","Echiodon","drummondii","22",27,""
"Gobiesocidae","Diplecogaster","bimaculata bimaculata","22",27,"bimaculata"
"Triglidae","Chelidonichthys","lucerna","22",27,""
"Macrouridae","Coryphaenoides","rupestris","22",27,""
"Lotidae","Gaidropsarus","mediterraneus","22",27,""
"Salmonidae","Salmo","salar","22",27,""
"Soleidae",NA,"","22",27,""
"Stichaeidae","Leptoclinus","maculatus","22",27,""
"Caproidae","Capros","aper","22",27,""
"Rajidae","Leucoraja","circularis","22",27,""
"Belonidae","Belone","belone","22",27,""
"Moronidae","Dicentrarchus","labrax","22",27,""
"Sparidae","Pagellus","erythrinus","22",27,""
"Soleidae","Buglossidium","","22",27,""
"Ammodytidae","Gymnammodytes","semisquamatus","22",27,""
"Petromyzontidae","Lampetra","fluviatilis","22",27,""
"Sparidae","Spondyliosoma","cantharus","22",27,""
"Scorpaenidae","Scorpaena","scrofa","22",27,""
"Soleidae","Microchirus","","22",27,""
"Scophthalmidae","Zeugopterus","","22",27,""
"Mugilidae",NA,"","22",27,""
"Gobiesocidae","Lepadogaster","","22",27,""
"Syngnathidae","Nerophis","","22",27,""
"Caproidae",NA,"","22",27,""
"Mugilidae","Chelon","labrosus","22",27,""
"Pentanchidae","Galeus","melastomus","22",27,""
"Labridae","Labrus","bergylta","22",27,""
"Lophiidae","Lophius","budegassa","22",27,""
"Argentinidae",NA,"","22",27,""
"Moronidae","Dicentrarchus","","22",27,""
"Mugilidae","Chelon","auratus","22",27,""
"Bothidae","Arnoglossus","imperialis","22",27,""
"Macrouridae","Trachyrincus","murrayi","22",27,""
"Ammodytidae","Hyperoplus","immaculatus","22",27,""
"Blenniidae","Blennius","","22",27,""
"Soleidae","Pegusa","lascaris","22",27,""
"Gobiidae","Lesueurigobius","","22",27,""
"Gasterosteidae","Spinachia","spinachia","22",27,""
"Rajidae","Leucoraja","lentiginosa","22",27,""
"Bothidae","Arnoglossus","","22",27,""
"Ammodytidae","Hyperoplus","","22",27,""
"Gobiidae","Lesueurigobius","friesii","22",27,""
"Gadidae","Merlangius","merlangus","24",27,""
"Clupeidae","Sprattus","sprattus","24",27,""
"Pleuronectidae","Platichthys","flesus","24",27,""
"Clupeidae","Clupea","harengus","24",27,""
"Gadidae","Gadus","morhua","24",27,""
"Pleuronectidae","Pleuronectes","platessa","24",27,""
"Gadidae","Pollachius","virens","24",27,""
"Cottidae","Taurulus","bubalis","24",27,""
"Moronidae","Dicentrarchus","labrax","24",27,""
"Pleuronectidae","Microstomus","kitt","24",27,""
"Agonidae","Agonus","cataphractus","24",27,""
"Rajidae","Raja","clavata","24",27,""
"Pleuronectidae","Limanda","limanda","24",27,""
"Cottidae","Artediellus","atlanticus","22",27,""
"Labridae","Symphodus","melops","22",27,""
"Labridae","Ctenolabrus","rupestris","22",27,""
"Salmonidae","Salmo","","22",27,""
"Cottidae","Micrenophrys","lilljeborgii","22",27,""
"Zoarcidae",NA,"","22",27,""
"Somniosidae","Somniosus","microcephalus","22",27,""
"Agonidae","Leptagonus","decagonus","22",27,""
"Scombridae","Thunnus","thynnus","22",27,""
"Petromyzontidae","Petromyzon","","22",27,""
"Atherinidae","Atherina","presbyter","22",27,""
"Triglidae","Chelidonichthys","lastoviza","22",27,""
"Sparidae","Sparus","aurata","22",27,""
"Mullidae","Mullus","barbatus barbatus","22",27,"barbatus"
"Mugilidae","Mugil","cephalus","22",27,""
"Pleuronectidae","Platichthys","flesus","23",27,""
"Clupeidae","Clupea","harengus","23",27,""
"Pleuronectidae","Microstomus","kitt","23",27,""
"Gadidae","Gadus","morhua","23",27,""
"Scophthalmidae","Scophthalmus","maximus","23",27,""
"Pleuronectidae","Pleuronectes","platessa","23",27,""
"Gadidae","Merlangius","merlangus","23",27,""
"Rajidae","Amblyraja","radiata","23",27,""
"Gadidae","Melanogrammus","aeglefinus","23",27,""
"Clupeidae","Sprattus","sprattus","23",27,""
"Petromyzontidae","Petromyzon","marinus","23",27,""
"Pleuronectidae","Hippoglossoides","platessoides","23",27,""
"Pleuronectidae","Limanda","limanda","23",27,""
"Cyclopteridae","Cyclopterus","lumpus","23",27,""
"Scombridae","Scomber","scombrus","23",27,""
"Engraulidae","Engraulis","encrasicolus","23",27,""
"Carangidae","Trachurus","trachurus","23",27,""
"Anguillidae","Anguilla","anguilla","23",27,""
"Clupeidae","Sardina","pilchardus","23",27,""
"Callionymidae","Callionymus","","23",27,""
"Triglidae","Eutrigla","","22",27,""
"Trachinidae","Echiichthys","","22",27,""
"Triglidae","Trigla","","22",27,""
"Triglidae","Chelidonichthys","","22",27,""
"Rajidae","Dipturus","oxyrinchus","22",27,""
"Zeidae",NA,"","22",27,""
"Zoarcidae","Lycodes","gracilis","22",27,""
"Paralepididae","Arctozenus","risso","22",27,""
"Gobiesocidae",NA,"","22",27,""
"Gasterosteidae","Gasterosteus","aculeatus williamsoni","22",27,"williamsoni"
"Blenniidae",NA,"","22",27,""
"Lotidae","Gaidropsarus","macrophthalmus","22",27,""
"Arhynchobatidae","Bathyraja","brachyurops","22",27,""
"Scophthalmidae","Lepidorhombus","boscii","22",27,""
"Mugilidae","Chelon","","22",27,""
"Bramidae","Brama","brama","22",27,""
"Gobiidae","Pomatoschistus","lozanoi","22",27,""
"Merlucciidae","Merluccius","merluccius","23",27,""
"Labridae","Ctenolabrus","rupestris","23",27,""
"Ammodytidae","Hyperoplus","lanceolatus","23",27,""
"Soleidae","Solea","solea","23",27,""
"Triglidae","Eutrigla","gurnardus","23",27,""
"Scophthalmidae","Scophthalmus","rhombus","23",27,""
"Bothidae","Arnoglossus","laterna","23",27,""
"Lotidae","Enchelyopus","cimbrius","23",27,""
"Gobiidae","Gobius","","23",27,""
"Syngnathidae","Syngnathus","","23",27,""
"Syngnathidae","Entelurus","aequoreus","23",27,""
"Labridae","Symphodus","melops","23",27,""
"Psychrolutidae","Cottunculus","microps","22",27,""
"Clupeidae","Alosa","agone","22",27,""
"Trachinidae","Echiichthys","vipera","24",27,""
"Callionymidae","Callionymus","lyra","24",27,""
"Scombridae","Scomber","scombrus","24",27,""
"Triglidae","Chelidonichthys","lucerna","24",27,""
"Clupeidae","Sardina","pilchardus","24",27,""
"Soleidae","Solea","solea","24",27,""
"Scyliorhinidae","Scyliorhinus","canicula","24",27,""
"Mullidae","Mullus","surmuletus","24",27,""
"Carangidae","Trachurus","trachurus","24",27,""
"Ammodytidae","Hyperoplus","lanceolatus","24",27,""
"Gadidae","Trisopterus","minutus","24",27,""
"Gobiidae",NA,"","24",27,""
"Gadidae","Trisopterus","minutus","23",27,""
"Gobiidae","Aphia","minuta","23",27,""
"Labridae","Centrolabrus","exoletus","22",27,""
"Cottidae","Myoxocephalus","scorpius","24",27,""
"Soleidae","Buglossidium","luteum","24",27,""
"Triakidae","Mustelus","","24",27,""
"Bothidae","Arnoglossus","laterna","24",27,""
"Lotidae","Ciliata","","24",27,""
"Engraulidae","Engraulis","encrasicolus","24",27,""
"Triglidae","Eutrigla","gurnardus","24",27,""
"Trachinidae","Trachinus","draco","24",27,""
"Triglidae","Chelidonichthys","cuculus","24",27,""
"Gadidae","Trisopterus","luscus","24",27,""
"Ammodytidae","Ammodytes","tobianus","24",27,""
"Rajidae","Raja","microocellata","24",27,""
"Sparidae","Spondyliosoma","cantharus","24",27,""
"Liparidae","Liparis","","24",27,""
"Rajidae","Raja","montagui","24",27,""
"Soleidae","Microchirus","variegatus","24",27,""
"Rajidae","Raja","","24",27,""
"Syngnathidae","Syngnathus","","24",27,""
"Scophthalmidae","Scophthalmus","maximus","24",27,""
"Labridae","Ctenolabrus","rupestris","24",27,""
"Lotidae","Gaidropsarus","argentatus","22",27,""
"Sparidae","Sarpa","salpa","22",27,""
"Trachinidae","Trachinus","draco","23",27,""
"Stichaeidae","Lumpenus","lampretaeformis","23",27,""
"Cottidae","Triglops","","22",27,""
"Gadidae","Pollachius","virens","23",27,""
"Clupeidae","Alosa","agone","23",27,""
"Clupeidae",NA,"","22",27,""
"Gobiidae","Buenia","jeffreysii","22",27,""
"Cottidae","Myoxocephalus","scorpius","23",27,""
"Gobiidae","Pomatoschistus","","23",27,""
"Centriscidae","Macroramphosus","scolopax","22",27,""
"Bramidae","Pterycombus","brama","22",27,""
"Soleidae","Buglossidium","luteum","23",27,""
"Salmonidae","Salmo","salar","23",27,""
"Salmonidae","Salmo","trutta trutta","23",27,"trutta"
"Lophiidae","Lophius","piscatorius","24",27,""
"Zeidae","Zeus","faber","24",27,""
"Gadidae","Pollachius","pollachius","24",27,""
"Congridae","Conger","conger","24",27,""
"Syngnathidae",NA,"","23",27,""
"Gobiidae","Gobius","","24",27,""
"Triglidae","Chelidonichthys","lastoviza","24",27,""
"Mugilidae","Chelon","labrosus","23",27,""
"Cottidae","Icelus","bicornis","22",27,""
"Ammodytidae","Ammodytes","","24",27,""
"Petromyzontidae","Petromyzon","marinus","24",27,""
"Callionymidae","Callionymus","","24",27,""
"Gobiidae","Pomatoschistus","norvegicus","22",27,""
"Stichaeidae","Chirolophis","ascanii","22",27,""
"Macrouridae","Coelorinchus","caelorhincus","22",27,""
"Lotidae","Enchelyopus","cimbrius","24",27,""
"Gobiidae","Pomatoschistus","","24",27,""
"Rajidae","Raja","brachyura","24",27,""
"Anguillidae","Anguilla","anguilla","24",27,""
"Lamnidae","Lamna","nasus","22",27,""
"Labridae","Labrus","mixtus","22",27,""
"Syngnathidae","Nerophis","lumbriciformis","22",27,""
"Atherinidae","Atherina","presbyter","24",27,""
"Blenniidae","Blennius","ocellaris","24",27,""
"Gobiesocidae","Lepadogaster","lepadogaster","22",27,""
"Scombridae","Sarda","sarda","22",27,""
"Polyprionidae","Polyprion","americanus","22",27,""
"Rajidae","Rajella","fyllae","22",27,""
"Atherinidae","Atherina","","22",27,""
"Rajidae","Dipturus","lintea","22",27,""
"Liparidae",NA,"","22",27,""
"Acipenseridae","Acipenser","sturio","22",27,""
"Gadidae","Trisopterus","esmarkii","23",27,""
"Osmeridae","Osmerus","eperlanus","23",27,""
"Gasterosteidae","Gasterosteus","aculeatus aculeatus","23",27,"aculeatus"
"Salmonidae","Coregonus","lavaretus","23",27,""
"Agonidae","Agonus","cataphractus","23",27,""
"Zoarcidae",NA,"","23",27,""
"Scophthalmidae","Lepidorhombus","whiffiagonis","23",27,""
"Pholidae","Pholis","gunnellus","23",27,""
"Gobiidae",NA,"","23",27,""
"Gasterosteidae","Spinachia","spinachia","23",27,""
"Labridae",NA,"","23",27,""
"Labridae",NA,"","22",27,""
"Ammodytidae","Ammodytes","tobianus","23",27,""
"Clupeidae","Alosa","","23",27,""
"Ammodytidae",NA,"","23",27,""
"Zoarcidae","Zoarces","viviparus","23",27,""
"Bothidae",NA,"","23",27,""
"Ammodytidae","Ammodytes","marinus","23",27,""
"Scophthalmidae","Zeugopterus","punctatus","23",27,""
"Liparidae","Liparis","","23",27,""
"Mullidae","Mullus","surmuletus","23",27,""
"Ammodytidae","Ammodytes","","23",27,""
"Cottidae","Myoxocephalus","quadricornis","23",27,""
"Argentinidae","Argentina","","23",27,""
"Percidae","Sander","lucioperca","23",27,""
"Callionymidae","Callionymus","lyra","23",27,""
"Esocidae","Esox","lucius","23",27,""
"Salmonidae","Coregonus","albula","23",27,""
"Anarhichadidae","Anarhichas","lupus","23",27,""
"Lotidae","Ciliata","","23",27,""
"Gasterosteidae","Pungitius","pungitius","22",27,""
"Percidae","Perca","fluviatilis","23",27,""
"Mullidae","Mullus","barbatus barbatus","23",27,"barbatus"
"Petromyzontidae","Lampetra","fluviatilis","23",27,""
"Gasterosteidae","Pungitius","pungitius","23",27,""
"Ammodytidae","Hyperoplus","","23",27,""
"Syngnathidae","Nerophis","","23",27,""
"Sternoptychidae","Argyropelecus","olfersii","22",27,""
"Stichaeidae","Leptoclinus","maculatus","23",27,""
"Triglidae","Chelidonichthys","lucerna","23",27,""
"Zoarcidae","Lycodes","vahlii","23",27,""
"Belonidae","Belone","belone","23",27,""
"Triglidae","Chelidonichthys","cuculus","23",27,""
"Gasterosteidae",NA,"","23",27,""
"Blenniidae","Lipophrys","pholis","23",27,""
"Pleuronectidae","Glyptocephalus","cynoglossus","23",27,""
"Atherinidae","Atherina","presbyter","23",27,""
"Cottidae",NA,"","23",27,""
"Gobiidae","Neogobius","","23",27,""
"Percidae","Gymnocephalus","cernua","23",27,""
"Labridae","Acantholabrus","palloni","23",27,""
"Ammodytidae","Hyperoplus","immaculatus","23",27,""
"Cottidae","Taurulus","bubalis","23",27,""
"Cyprinidae","Rutilus","rutilus","23",27,""
"Lotidae","Gaidropsarus","vulgaris","23",27,""
"Cottidae","Triglops","","23",27,""
"Lotidae","Molva","molva","23",27,""
"Gadidae","Pollachius","pollachius","23",27,""
"Gobiidae","Gobiusculus","flavescens","23",27,""
"Labridae","Labrus","bergylta","23",27,""
"Sternoptychidae","Argyropelecus","olfersii","23",27,""
"Carangidae","Caranx","rhonchus","23",27,""
"Cyprinidae","Abramis","brama","22",27,""
"Soleidae","Pegusa","lascaris","23",27,""
"Callionymidae",NA,"","23",27,""
"Gobiidae","Neogobius","","22",27,""
"Cyprinidae","Vimba","vimba","23",27,""
"Zoarcidae","Lycodes","gracilis","23",27,""
"Merlucciidae","Merluccius","merluccius","24",27,""
"Sparidae","Sparus","aurata","24",27,""
"Sparidae","Boops","boops","24",27,""
"Mugilidae","Chelon","","24",27,""
"Carangidae","Trachurus","mediterraneus","24",27,""
"Labridae","Labrus","mixtus","24",27,""
"Gadidae","Micromesistius","poutassou","24",27,""
"Lophiidae","Lophius","budegassa","24",27,""
"Caproidae","Capros","aper","24",27,""
"Cepolidae","Cepola","macrophthalma","24",27,""
"Argentinidae","Argentina","","24",27,""
"Scophthalmidae","Lepidorhombus","whiffiagonis","24",27,""
"Scophthalmidae","Lepidorhombus","boscii","24",27,""
"Gadidae","Gadiculus","argenteus","24",27,""
"Lotidae","Gaidropsarus","vulgaris","24",27,""
"Macrouridae","Malacocephalus","laevis","24",27,""
"Phycidae","Phycis","blennoides","24",27,""
"Gobiidae","Aphia","minuta","24",27,""
"Triglidae","Chelidonichthys","obscurus","24",27,""
"Soleidae","Dicologlossa","cuneata","24",27,""
"Ammodytidae","Hyperoplus","immaculatus","24",27,""
"Sparidae","Pagrus","pagrus","24",27,""
"Scombridae","Sarda","sarda","24",27,""
"Rajidae","Leucoraja","naevus","24",27,""
"Carapidae","Echiodon","drummondii","24",27,""
"Bothidae","Arnoglossus","imperialis","24",27,""
"Torpedinidae","Torpedo","marmorata","24",27,""
"Sciaenidae","Argyrosomus","regius","24",27,""
"Sparidae","Lithognathus","mormyrus","24",27,""
"Squalidae","Squalus","acanthias","24",27,""
"Soleidae","Bathysolea","profundicola","24",27,""
"Pentanchidae","Galeus","melastomus","24",27,""
"Moridae","Lepidion","eques","24",27,""
"Myctophidae","Notoscopelus","kroyeri","24",27,""
"Carangidae","Trachurus","picturatus","24",27,""
"Clupeidae","Alosa","","24",27,""
"Syngnathidae","Hippocampus","hippocampus","24",27,""
"Rajidae","Leucoraja","circularis","24",27,""
"Sparidae","Pagellus","erythrinus","24",27,""
"Sebastidae","Helicolenus","dactylopterus","24",27,""
"Scorpaenidae","Scorpaena","loppei","24",27,""
"Berycidae","Beryx","splendens","24",27,""
"Chimaeridae","Chimaera","monstrosa","24",27,""
"Gobiidae","Lesueurigobius","friesii","24",27,""
"Lotidae","Molva","molva","24",27,""
"Soleidae","Pegusa","lascaris","24",27,""
"Balistidae","Balistes","capriscus","24",27,""
"Rajidae","Leucoraja","fullonica","24",27,""
"Rajidae","Raja","undulata","24",27,""
"Scophthalmidae","Phrynorhombus","norvegicus","24",27,""
"Mugilidae","Chelon","labrosus","24",27,""
"Dasyatidae","Dasyatis","pastinaca","24",27,""
"Labridae","Symphodus","bailloni","24",27,""
"Gadidae","Melanogrammus","aeglefinus","24",27,""
"Triakidae","Galeorhinus","galeus","24",27,""
"Lotidae","Molva","macrophthalma","24",27,""
"Rajidae","Dipturus","","24",27,""
"Pleuronectidae","Hippoglossoides","platessoides","24",27,""
"Gadidae","Trisopterus","esmarkii","24",27,""
"Pleuronectidae","Glyptocephalus","cynoglossus","24",27,""
"Torpedinidae","Tetronarce","nobiliana","24",27,""
"Scophthalmidae","Scophthalmus","rhombus","24",27,""
"Bothidae","Arnoglossus","thori","24",27,""
"Sparidae","Pagellus","acarne","24",27,""
"Sciaenidae","Umbrina","canariensis","24",27,""
"Argentinidae","Argentina","","25",27,""
"Merlucciidae","Merluccius","merluccius","25",27,""
"Callionymidae","Callionymus","","25",27,""
"Scyliorhinidae","Scyliorhinus","canicula","25",27,""
"Lophiidae","Lophius","piscatorius","25",27,""
"Scombridae","Scomber","scombrus","25",27,""
"Scophthalmidae","Lepidorhombus","whiffiagonis","25",27,""
"Gadidae","Micromesistius","poutassou","25",27,""
"Soleidae","Bathysolea","profundicola","25",27,""
"Congridae","Conger","conger","25",27,""
"Gadidae","Gadiculus","argenteus","25",27,""
"Pentanchidae","Galeus","melastomus","25",27,""
"Scophthalmidae","Lepidorhombus","boscii","25",27,""
"Macrouridae","Malacocephalus","laevis","25",27,""
"Soleidae","Microchirus","variegatus","25",27,""
"Phycidae","Phycis","blennoides","25",27,""
"Carangidae","Trachurus","trachurus","25",27,""
"Triglidae","Chelidonichthys","cuculus","25",27,""
"Gadidae","Trisopterus","luscus","25",27,""
"Lotidae","Molva","molva","25",27,""
"Lophiidae","Lophius","budegassa","25",27,""
"Caproidae","Capros","aper","25",27,""
"Sebastidae","Helicolenus","dactylopterus","25",27,""
"Triglidae","Trigla","lyra","25",27,""
"Clupeidae","Sardina","pilchardus","25",27,""
"Triglidae","Eutrigla","gurnardus","25",27,""
"Bothidae","Arnoglossus","laterna","25",27,""
"Zeidae","Zeus","faber","25",27,""
"Centriscidae","Macroramphosus","scolopax","24",27,""
"Belonidae","Belone","belone","24",27,""
"Serranidae","Serranus","hepatus","24",27,""
"Scorpaenidae","Scorpaena","scrofa","24",27,""
"Macrouridae","Coryphaenoides","rupestris","24",27,""
"Myctophidae","Lampanyctus","crocodilus","24",27,""
"Sparidae","Pagellus","","24",27,""
"Callionymidae","Callionymus","lyra","25",27,""
"Trachinidae","Trachinus","draco","25",27,""
"Balistidae","Balistes","capriscus","25",27,""
"Sparidae","Boops","boops","25",27,""
"Mugilidae","Chelon","","25",27,""
"Triglidae","Chelidonichthys","lucerna","25",27,""
"Engraulidae","Engraulis","encrasicolus","25",27,""
"Soleidae","Dicologlossa","cuneata","25",27,""
"Macrouridae","Macrourus","berglax","25",27,""
"Xiphiidae","Xiphias","gladius","25",27,""
"Labridae","Acantholabrus","palloni","25",27,""
"Soleidae","Solea","solea","25",27,""
"Serranidae","Serranus","cabrilla","24",27,""
"Labridae","Labrus","bergylta","24",27,""
"Sparidae","Pagellus","bogaraveo","24",27,""
"Labridae","Acantholabrus","palloni","24",27,""
"Etmopteridae","Etmopterus","spinax","24",27,""
"Moronidae","Dicentrarchus","punctatus","24",27,""
"Ammodytidae","Gymnammodytes","semisquamatus","24",27,""
"Centrophoridae","Deania","calcea","24",27,""
"Lotidae","Gaidropsarus","macrophthalmus","24",27,""
"Myliobatidae","Myliobatis","aquila","24",27,""
"Soleidae","Solea","senegalensis","24",27,""
"Centrophoridae","Deania","calcea","25",27,""
"Sternoptychidae","Argyropelecus","olfersii","25",27,""
"Etmopteridae","Etmopterus","spinax","25",27,""
"Lotidae","Gaidropsarus","biscayensis","25",27,""
"Myctophidae","Notoscopelus","kroyeri","25",27,""
"Alepocephalidae","Xenodermichthys","copei","25",27,""
"Hexanchidae","Hexanchus","griseus","24",27,""
"Lotidae","Molva","macrophthalma","25",27,""
"Sternoptychidae","Argyropelecus","hemigymnus","25",27,""
"Sternoptychidae","Argyropelecus","olfersii","24",27,""
"Berycidae","Beryx","decadactylus","24",27,""
"Moridae","Mora","moro","24",27,""
"Alepocephalidae","Xenodermichthys","copei","24",27,""
"Phosichthyidae","Polymetme","corythaeola","24",27,""
"Lotidae","Gaidropsarus","biscayensis","24",27,""
"Macrouridae","Macrourus","berglax","24",27,""
"Macrouridae","Hymenocephalus","italicus","24",27,""
"Synaphobranchidae","Synaphobranchus","kaupii","24",27,""
"Rajidae","Rajella","bathyphila","24",27,""
"Sternoptychidae","Maurolicus","muelleri","24",27,""
"Lotidae","Gaidropsarus","mediterraneus","24",27,""
"Trichiuridae","Lepidopus","caudatus","24",27,""
"Myctophidae",NA,"","24",27,""
"Sparidae","Diplodus","sargus","24",27,""
"Scyliorhinidae","Scyliorhinus","stellaris","24",27,""
"Scophthalmidae","Zeugopterus","punctatus","24",27,""
"Labridae","Centrolabrus","exoletus","24",27,""
"Gadidae","Raniceps","raninus","24",27,""
"Gadidae","Trisopterus","minutus","25",27,""
"Myctophidae",NA,"","25",27,""
"Lamnidae","Lamna","nasus","24",27,""
"Rajidae","Dipturus","oxyrinchus","24",27,""
"Dalatiidae","Dalatias","licha","24",27,""
"Polyprionidae","Polyprion","americanus","24",27,""
"Scorpaenidae","Scorpaena","porcus","24",27,""
"Gobiidae","Lesueurigobius","friesii","25",27,""
"Squalidae","Squalus","acanthias","25",27,""
"Cepolidae","Cepola","macrophthalma","25",27,""
"Labridae","Labrus","mixtus","25",27,""
"Rajidae","Raja","clavata","25",27,""
"Carapidae","Echiodon","drummondii","25",27,""
"Ophidiidae","Ophidion","barbatum","25",27,""
"Myctophidae","Diaphus","","25",27,""
"Sternoptychidae","Maurolicus","muelleri","25",27,""
"Syngnathidae","Nerophis","lumbriciformis","24",27,""
"Moridae","Halargyreus","johnsonii","24",27,""
"Sternoptychidae","Argyropelecus","","24",27,""
"Etmopteridae","Centroscyllium","fabricii","24",27,""
"Trachichthyidae","Hoplostethus","mediterraneus mediterraneus","24",27,"mediterraneus"
"Macrouridae","Nezumia","sclerorhynchus","24",27,""
"Serranidae","Serranus","scriba","24",27,""
"Syngnathidae","Hippocampus","guttulatus","24",27,""
"Triglidae","Trigla","lyra","24",27,""
"Syngnathidae","Entelurus","aequoreus","24",27,""
"Lotidae","Gaidropsarus","macrophthalmus","25",27,""
"Mullidae","Mullus","surmuletus","25",27,""
"Berycidae","Beryx","splendens","25",27,""
"Chimaeridae","Chimaera","monstrosa","25",27,""
"Paralepididae","Arctozenus","risso","25",27,""
"Sparidae","Diplodus","vulgaris","24",27,""
"Chlorophthalmidae","Chlorophthalmus","agassizi","24",27,""
"Gobiidae","Pomatoschistus","norvegicus","24",27,""
"Myxinidae","Myxine","glutinosa","24",27,""
"Scomberesocidae","Scomberesox","saurus saurus","24",27,"saurus"
"Myctophidae","Myctophum","punctatum","24",27,""
"Paralepididae","Arctozenus","risso","24",27,""
"Ammodytidae","Ammodytes","marinus","24",27,""
"Gobiidae","Pomatoschistus","lozanoi","24",27,""
"Scorpaenidae","Scorpaena","notata","24",27,""
"Blenniidae","Blennius","ocellaris","25",27,""
"Somniosidae","Scymnodon","ringens","25",27,""
"Stichaeidae","Chirolophis","ascanii","24",27,""
"Ammodytidae","Ammodytes","tobianus","25",27,""
"Lotidae","Enchelyopus","cimbrius","25",27,""
"Myctophidae","Ceratoscopelus","maderensis","25",27,""
"Moridae","Halargyreus","johnsonii","25",27,""
"Parazenidae","Cyttopsis","rosea","24",27,""
"Molidae","Mola","mola","24",27,""
"Myctophidae","Lampanyctus","crocodilus","25",27,""
"Moridae","Mora","moro","25",27,""
"Synaphobranchidae","Synaphobranchus","kaupii","25",27,""
"Macrouridae","Coelorinchus","caelorhincus","24",27,""
"Gadidae","Melanogrammus","aeglefinus","25",27,""
"Myctophidae","Myctophum","punctatum","25",27,""
"Stomiidae","Stomias","boa boa","25",27,"boa"
"Macrouridae","Coelorinchus","caelorhincus","25",27,""
"Trichiuridae","Lepidopus","caudatus","25",27,""
"Myctophidae","Ceratoscopelus","maderensis","24",27,""
"Paralepididae","Macroparalepis","affinis","24",27,""
"Sternoptychidae","Argyropelecus","hemigymnus","24",27,""
"Stomiidae","Stomias","boa boa","24",27,"boa"
"Macrouridae","Trachyrincus","scabrus","24",27,""
"Myctophidae","Myctophum","","24",27,""
"Dalatiidae","Dalatias","licha","25",27,""
"Trachichthyidae","Hoplostethus","mediterraneus mediterraneus","25",27,"mediterraneus"
"Gobiidae","Pomatoschistus","","25",27,""
"Gadidae","Pollachius","pollachius","25",27,""
"Sparidae","Pagellus","acarne","25",27,""
"Scorpaenidae","Scorpaena","notata","25",27,""
"Sparidae","Spondyliosoma","cantharus","25",27,""
"Rajidae","Raja","montagui","25",27,""
"Triglidae","Chelidonichthys","obscurus","25",27,""
"Berycidae","Beryx","decadactylus","25",27,""
"Myctophidae","Myctophum","","25",27,""
"Scombridae","Scomber","japonicus","24",27,""
"Scombridae","Scomber","japonicus","25",27,""
"Lotidae","Molva","dypterygia","24",27,""
"Chlorophthalmidae","Chlorophthalmus","agassizi","25",27,""
"Bothidae","Arnoglossus","imperialis","25",27,""
"Scorpaenidae","Scorpaena","scrofa","25",27,""
"Sciaenidae","Umbrina","canariensis","25",27,""
"Scombridae","Scomber","colias","24",27,""
"Phosichthyidae","Polymetme","thaeocoryla","24",27,""
"Gobiidae","Buenia","jeffreysii","24",27,""
"Clupeidae","Spratelloides","lewisi","24",27,""
"Somniosidae","Scymnodon","ringens","24",27,""
"Centrophoridae","Deania","profundorum","24",27,""
"Paralepididae","Lestidiops","jayakari jayakari","24",27,"jayakari"
"Myctophidae","Benthosema","glaciale","24",27,""
"Macrouridae","Nezumia","aequalis","25",27,""
"Etmopteridae","Etmopterus","princeps","25",27,""
"Centrophoridae","Deania","profundorum","25",27,""
"Macrouridae","Trachyrincus","scabrus","25",27,""
"Paralepididae","Lestidiops","jayakari jayakari","25",27,"jayakari"
"Myctophidae","Benthosema","glaciale","25",27,""
"Phosichthyidae","Polymetme","thaeocoryla","25",27,""
"Bramidae","Brama","brama","25",27,""
"Scombridae","Scomber","colias","25",27,""
"Serranidae","Serranus","cabrilla","25",27,""
"Triglidae","Chelidonichthys","lastoviza","25",27,""
"Moronidae","Dicentrarchus","labrax","25",27,""
"Soleidae","Microchirus","","24",27,""
"Dasyatidae","Dasyatis","tortonesei","24",27,""
"Labridae","Symphodus","melops","24",27,""
"Engraulidae","Engraulis","albidus","24",27,""
"Mugilidae","Chelon","auratus","24",27,""
"Gobiesocidae","Lepadogaster","","24",27,""
"Argentinidae",NA,"","24",27,""
"Ammodytidae",NA,"","24",27,""
"Macrouridae",NA,"","24",27,""
"Syngnathidae",NA,"","24",27,""
"Scorpaenidae",NA,"","24",27,""
"Pholidae","Pholis","gunnellus","24",27,""
"Blenniidae","Parablennius","gattorugine","24",27,""
"Mullidae","Mullus","barbatus barbatus","24",27,"barbatus"
"Lotidae","Gaidropsarus","","24",27,""
"Cyclopteridae","Cyclopterus","lumpus","24",27,""
"Zoarcidae",NA,"","24",27,""
"Sparidae",NA,"","24",27,""
"Gobiesocidae","Diplecogaster","bimaculata bimaculata","24",27,"bimaculata"
"Pentanchidae","Galeus","murinus","24",27,""
"Rajidae","Amblyraja","radiata","24",27,""
"Cyprinidae","Abramis","","24",27,""
"Cottidae","Micrenophrys","lilljeborgii","24",27,""
"Cottidae",NA,"","24",27,""
"Pleuronectidae","Hippoglossus","hippoglossus","24",27,""
"Bramidae","Brama","brama","24",27,""
"Syngnathidae","Nerophis","","24",27,""
"Lotidae","Brosme","brosme","24",27,""
"Rajidae","Rostroraja","alba","24",27,""
"Myctophidae","Lampanyctus","","24",27,""
"Petromyzontidae","Lampetra","fluviatilis","24",27,""
"Notacanthidae",NA,"","24",27,""
"Somniosidae","Centroscymnus","coelolepis","24",27,""
"Labridae",NA,"","24",27,""
"Epigonidae","Epigonus","telescopus","24",27,""
"Notacanthidae","Notacanthus","bonaparte","24",27,""
"Callionymidae",NA,"","24",27,""
"Percidae","Sander","lucioperca","24",27,""
"Cottidae","Triglops","murrayi","24",27,""
"Macrouridae","Nezumia","aequalis","24",27,""
"Stomiidae","Chauliodus","sloani","24",27,""
"Trichiuridae","Aphanopus","carbo","24",27,""
"Centrolophidae","Centrolophus","niger","24",27,""
"Centrophoridae","Centrophorus","squamosus","24",27,""
"Macrouridae","Trachyrincus","murrayi","24",27,""
"Hexanchidae","Heptranchias","perlo","24",27,""
"Scophthalmidae","Zeugopterus","regius","24",27,""
"Mullidae",NA,"","24",27,""
"Mullidae","Mullus","","24",27,""
"Sebastidae","Sebastes","","24",27,""
"Macrouridae","Coelorinchus","labiatus","24",27,""
"Balistidae","Balistes","","24",27,""
"Somniosidae","Centroscymnus","crepidater","24",27,""
"Chimaeridae","Hydrolagus","mirabilis","24",27,""
"Paralepididae","Magnisudis","atlantica","24",27,""
"Gasterosteidae","Spinachia","spinachia","24",27,""
"Chimaeridae","Chimaera","opalescens","24",27,""
"Stichaeidae","Lumpenus","lampretaeformis","24",27,""
"Petromyzontidae",NA,"","24",27,""
"Ammodytidae","Hyperoplus","","24",27,""
"Salmonidae","Salmo","","24",27,""
"Arhynchobatidae","Bathyraja","brachyurops","24",27,""
"Salmonidae","Salmo","trutta trutta","24",27,"trutta"
"Clupeidae","Alosa","","25",27,""
"Serranidae","Serranus","hepatus","25",27,""
"Carangidae","Trachurus","picturatus","25",27,""
"Triglidae","Lepidotrigla","","25",27,""
"Centriscidae","Macroramphosus","","25",27,""
"Citharidae","Citharus","linguatula","25",27,""
"Engraulidae","Engraulis","","25",27,""
"Sparidae","Pagrus","pagrus","25",27,""
"Ammodytidae","Hyperoplus","lanceolatus","25",27,""
"Rajidae","Raja","brachyura","25",27,""
"Sparidae","Pagellus","erythrinus","25",27,""
"Mugilidae","Chelon","auratus","25",27,""
"Sparidae","Diplodus","vulgaris","25",27,""
"Parazenidae","Cyttopsis","rosea","25",27,""
"Callionymidae","Synchiropus","phaeton","25",27,""
"Clupeidae","Sprattus","sprattus","25",27,""
"Serranidae","Anthias","anthias","25",27,""
"Bothidae","Arnoglossus","thori","25",27,""
"Sparidae","Spicara","maena","25",27,""
"Sparidae","Pagellus","bogaraveo","25",27,""
"Molidae","Mola","mola","25",27,""
"Scorpaenidae","Scorpaena","","25",27,""
"Atherinidae","Atherina","presbyter","25",27,""
"Bothidae","Arnoglossus","rueppelii","25",27,""
"Rajidae","Raja","miraletus","25",27,""
"Sparidae","Sarpa","salpa","25",27,""
"Callanthiidae","Callanthias","ruber","25",27,""
"Rajidae","Raja","undulata","25",27,""
"Chaunacidae","Chaunax","pictus","25",27,""
"Carangidae","Trachurus","mediterraneus","25",27,""
"Mullidae","Mullus","barbatus barbatus","25",27,"barbatus"
"Sparidae","Diplodus","bellottii","25",27,""
"Sparidae","Pagrus","auriga","25",27,""
"Tetraodontidae","Sphoeroides","pachygaster","25",27,""
"Cynoglossidae","Symphurus","nigrescens","25",27,""
"Scophthalmidae","Scophthalmus","maximus","25",27,""
"Sparidae","Diplodus","annularis","25",27,""
"Phycidae","Phycis","phycis","25",27,""
"Trachinidae","Echiichthys","vipera","25",27,""
"Triglidae","Lepidotrigla","dieuzeidei","25",27,""
"Triglidae","Lepidotrigla","cavillone","25",27,""
"Sparidae","Sparus","aurata","25",27,""
"Pentanchidae","Galeus","atlanticus","25",27,""
"Uranoscopidae","Uranoscopus","scaber","25",27,""
"Scophthalmidae","Scophthalmus","rhombus","25",27,""
"Sparidae","Pagellus","bellottii","25",27,""
"Gadidae","Melanogrammus","aeglefinus","60",27,""
"Argentinidae","Argentina","","60",27,""
"Pleuronectidae","Hippoglossoides","platessoides","60",27,""
"Triglidae","Eutrigla","gurnardus","60",27,""
"Pleuronectidae","Microstomus","kitt","60",27,""
"Lophiidae","Lophius","piscatorius","60",27,""
"Gadidae","Pollachius","virens","60",27,""
"Sternoptychidae","Maurolicus","muelleri","60",27,""
"Scophthalmidae","Lepidorhombus","whiffiagonis","60",27,""
"Gadidae","Micromesistius","poutassou","60",27,""
"Soleidae","Microchirus","variegatus","60",27,""
"Sebastidae","Sebastes","viviparus","60",27,""
"Gadidae","Gadiculus","argenteus","60",27,""
"Sebastidae","Helicolenus","dactylopterus","60",27,""
"Lotidae","Brosme","brosme","60",27,""
"Phycidae","Phycis","blennoides","60",27,""
"Callionymidae","Callionymus","","60",27,""
"Bothidae","Arnoglossus","laterna","60",27,""
"Lotidae","Molva","molva","60",27,""
"Pleuronectidae","Glyptocephalus","cynoglossus","60",27,""
"Anarhichadidae","Anarhichas","lupus","60",27,""
"Rajidae","Dipturus","","60",27,""
"Sternoptychidae","Argyropelecus","olfersii","60",27,""
"Rajidae","Raja","clavata","60",27,""
"Squalidae","Squalus","acanthias","60",27,""
"Callionymidae","Callionymus","lyra","60",27,""
"Ammodytidae","Ammodytes","marinus","60",27,""
"Scombridae","Scomber","scombrus","60",27,""
"Gadidae","Gadus","morhua","60",27,""
"Soleidae","Buglossidium","luteum","60",27,""
"Gadidae","Trisopterus","minutus","60",27,""
"Rajidae","Leucoraja","fullonica","60",27,""
"Carangidae","Trachurus","trachurus","60",27,""
"Carapidae","Echiodon","drummondii","60",27,""
"Gobiidae","Pomatoschistus","","60",27,""
"Syngnathidae","Entelurus","aequoreus","60",27,""
"Bothidae","Arnoglossus","imperialis","60",27,""
"Pleuronectidae","Hippoglossus","hippoglossus","60",27,""
"Cottidae","Triglops","murrayi","60",27,""
"Scophthalmidae","Phrynorhombus","norvegicus","60",27,""
"Syngnathidae",NA,"","60",27,""
"Gadidae","Merlangius","merlangus","60",27,""
"Clupeidae","Clupea","harengus","60",27,""
"Caproidae","Capros","aper","60",27,""
"Lotidae","Gaidropsarus","macrophthalmus","60",27,""
"Ammodytidae","Gymnammodytes","semisquamatus","60",27,""
"Centrolophidae","Schedophilus","medusophagus","60",27,""
"Bramidae","Brama","brama","60",27,""
"Rajidae","Leucoraja","circularis","60",27,""
"Pleuronectidae","Limanda","limanda","60",27,""
"Rajidae","Leucoraja","naevus","60",27,""
"Stichaeidae","Chirolophis","ascanii","60",27,""
"Congridae","Conger","conger","60",27,""
"Gobiidae",NA,"","60",27,""
"Triglidae","Chelidonichthys","cuculus","60",27,""
"Scophthalmidae","Scophthalmus","maximus","60",27,""
"Ammodytidae",NA,"","60",27,""
"Merlucciidae","Merluccius","merluccius","60",27,""
"Phycidae",NA,"","60",27,""
"Trachipteridae","Trachipterus","arcticus","60",27,""
"Stomiidae","Chauliodus","sloani","60",27,""
"Chimaeridae","Chimaera","monstrosa","60",27,""
"Pentanchidae","Galeus","melastomus","60",27,""
"Etmopteridae","Etmopterus","spinax","60",27,""
"Scophthalmidae","Lepidorhombus","boscii","60",27,""
"Lotidae","Molva","dypterygia","60",27,""
"Macrouridae","Malacocephalus","laevis","60",27,""
"Macrouridae","Coelorinchus","caelorhincus","60",27,""
"Rajidae","Dipturus","oxyrinchus","60",27,""
"Myctophidae",NA,"","60",27,""
"Lophiidae","Lophius","budegassa","60",27,""
"Blenniidae","Parablennius","gattorugine","60",27,""
"Moridae","Mora","moro","60",27,""
"Triglidae","Trigla","lyra","60",27,""
"Rajidae","Dipturus","nidarosiensis","60",27,""
"Lotidae","Gaidropsarus","vulgaris","60",27,""
"Zoarcidae","Zoarces","viviparus","24",27,""
"Gasterosteidae","Gasterosteus","aculeatus aculeatus","24",27,"aculeatus"
"Sebastidae","Sebastes","viviparus","24",27,""
"Anarhichadidae","Anarhichas","lupus","24",27,""
"Gobiidae","Crystallogobius","linearis","24",27,""
"Anguillidae","Anguilla","","24",27,""
"Trachipteridae","Trachipterus","arcticus","24",27,""
"Phycidae",NA,"","24",27,""
"Anguillidae","Anguilla","","22",27,""
"Triglidae",NA,"","24",27,""
"Zeidae","Zenopsis","conchifer","24",27,""
"Stomiidae","Stomias","boa ferox","24",27,"ferox"
"Phycidae",NA,"","22",27,""
"Gadidae","Gadus","morhua","8",27,""
"Pleuronectidae","Glyptocephalus","cynoglossus","8",27,""
"Pleuronectidae","Hippoglossoides","platessoides","8",27,""
"Rajidae","Amblyraja","radiata","8",27,""
"Zoarcidae","Lycodes","vahlii","8",27,""
"Pleuronectidae","Hippoglossus","hippoglossus","8",27,""
"Sebastidae","Sebastes","","8",27,""
"Pleuronectidae","Reinhardtius","hippoglossoides","8",27,""
"Gadidae","Melanogrammus","aeglefinus","8",27,""
"Scombridae","Scomber","scombrus","8",27,""
"Merlucciidae","Merluccius","bilinearis","8",27,""
"Gadidae","Pollachius","virens","8",27,""
"Anarhichadidae","Anarhichas","lupus","8",27,""
"Clupeidae","Alosa","pseudoharengus","8",27,""
"Lophiidae","Lophius","americanus","8",27,""
"Phycidae","Urophycis","tenuis","8",27,""
"Squalidae","Squalus","acanthias","8",27,""
"Pleuronectidae","Limanda","ferruginea","8",27,""
"Cottidae","Myoxocephalus","octodecemspinosus","8",27,""
"Macrouridae","Nezumia","bairdii","8",27,""
"Phycidae","Phycis","chesteri","8",27,""
"Zoarcidae","Lycodes","","8",27,""
"Rajidae","Malacoraja","senta","8",27,""
"Rajidae","Leucoraja","ocellata","8",27,""
"Pleuronectidae","Pseudopleuronectes","americanus","8",27,""
"Lotidae","Brosme","brosme","8",27,""
"Phycidae","Urophycis","chuss","8",27,""
"Zoarcidae","Zoarces","americanus","8",27,""
"Scophthalmidae","Scophthalmus","aquosus","8",27,""
"Merlucciidae","Merluccius","albidus","8",27,""
"Gadidae","Gadus","morhua","7",27,""
"Gadidae","Melanogrammus","aeglefinus","7",27,""
"Pleuronectidae","Hippoglossoides","platessoides","7",27,""
"Rajidae","Amblyraja","radiata","7",27,""
"Clupeidae","Clupea","harengus","7",27,""
"Anarhichadidae","Anarhichas","lupus","7",27,""
"Pleuronectidae","Hippoglossus","hippoglossus","7",27,""
"Pleuronectidae","Limanda","ferruginea","7",27,""
"Cottidae","Myoxocephalus","octodecemspinosus","7",27,""
"Rajidae","Leucoraja","ocellata","7",27,""
"Scombridae","Scomber","scombrus","7",27,""
"Gadidae","Pollachius","virens","7",27,""
"Squalidae","Squalus","acanthias","7",27,""
"Lotidae","Brosme","brosme","7",27,""
"Clupeidae","Alosa","pseudoharengus","7",27,""
"Phycidae","Urophycis","tenuis","7",27,""
"Merlucciidae","Merluccius","bilinearis","7",27,""
"Argentinidae","Argentina","","7",27,""
"Sebastidae","Sebastes","","7",27,""
"Rajidae","Malacoraja","senta","7",27,""
"Argentinidae","Argentina","","8",27,""
"Pleuronectidae","Pseudopleuronectes","americanus","7",27,""
"Clupeidae","Clupea","harengus","8",27,""
"Rajidae","Leucoraja","erinacea","8",27,""
"Anarhichadidae","Anarhichas","minor","8",27,""
"Cyclopteridae","Cyclopterus","lumpus","8",27,""
"Clupeidae","Alosa","sapidissima","8",27,""
"Ammodytidae","Ammodytes","dubius","8",27,""
"Zoarcidae","Lycodes","vahlii","7",27,""
"Etmopteridae","Centroscyllium","fabricii","8",27,""
"Zoarcidae","Lycodes","reticulatus","8",27,""
"Pleuronectidae","Glyptocephalus","cynoglossus","7",27,""
"Clupeidae","Alosa","sapidissima","7",27,""
"Lophiidae","Lophius","americanus","7",27,""
"Cottidae","Triglops","murrayi","8",27,""
"Sebastidae","Helicolenus","dactylopterus","7",27,""
"Lotidae","Enchelyopus","cimbrius","8",27,""
"Cyclopteridae","Cyclopterus","lumpus","7",27,""
"Zoarcidae","Zoarces","americanus","7",27,""
"Scophthalmidae","Scophthalmus","aquosus","7",27,""
"Myxinidae","Myxine","glutinosa","7",27,""
"Myxinidae","Myxine","glutinosa","8",27,""
"Rajidae","Leucoraja","erinacea","7",27,""
"Phycidae","Urophycis","chuss","7",27,""
"Sebastidae","Helicolenus","dactylopterus","8",27,""
"Zoarcidae","Lycenchelys","paxillus","8",27,""
"Malacanthidae","Lopholatilus","chamaeleonticeps","8",27,""
"Anarhichadidae","Anarhichas","denticulatus","8",27,""
"Synaphobranchidae","Synaphobranchus","kaupii","8",27,""
"Phycidae","Phycis","chesteri","7",27,""
"Zoarcidae","Lycenchelys","verrillii","8",27,""
"Macrouridae","Coryphaenoides","rupestris","8",27,""
"Stromateidae","Peprilus","triacanthus","7",27,""
"Cryptacanthodidae","Cryptacanthodes","maculatus","7",27,""
"Zeidae","Zenopsis","conchifer","8",27,""
"Osmeridae","Mallotus","villosus","8",27,""
"Paralepididae","Arctozenus","risso","8",27,""
"Cryptacanthodidae","Cryptacanthodes","maculatus","8",27,""
"Paralichthyidae","Hippoglossina","oblonga","7",27,""
"Macrouridae","Nezumia","bairdii","7",27,""
"Paralichthyidae","Citharichthys","arctifrons","8",27,""
"Cottidae","Artediellus","uncinatus","8",27,""
"Stichaeidae","Ulvaria","subbifurcata","8",27,""
"Cyclopteridae","Eumicrotremus","spinosus","8",27,""
"Agonidae","Aspidophoroides","monopterygius","8",27,""
"Cottidae","Artediellus","atlanticus","8",27,""
"Cottidae","Myoxocephalus","scorpius","8",27,""
"Stichaeidae","Lumpenus","lampretaeformis","8",27,""
"Psychrolutidae","Cottunculus","microps","8",27,""
"Agonidae","Leptagonus","decagonus","8",27,""
"Stichaeidae","Ulvaria","subbifurcata","7",27,""
"Liparidae","Liparis","inquilinus","8",27,""
"Stichaeidae","Lumpenus","fabricii","8",27,""
"Gadidae","Microgadus","tomcod","7",27,""
"Agonidae","Aspidophoroides","monopterygius","7",27,""
"Lotidae","Enchelyopus","cimbrius","7",27,""
"Stromateidae","Peprilus","triacanthus","8",27,""
"Cottidae","Triglops","murrayi","7",27,""
"Cottidae","Artediellus","atlanticus","7",27,""
"Rajidae","Rajella","fyllae","8",27,""
"Chlorophthalmidae","Chlorophthalmus","agassizi","8",27,""
"Myctophidae",NA,"","8",27,""
"Scomberesocidae","Scomberesox","saurus","8",27,""
"Nemichthyidae","Nemichthys","scolopaceus","8",27,""
"Stomiidae","Stomias","boa","8",27,""
"Synaphobranchidae","Simenchelys","parasitica","8",27,""
"Psychrolutidae","Cottunculus","thomsonii","8",27,""
"Notacanthidae","Notacanthus","bonaparte","8",27,""
"Rhinochimaeridae","Rhinochimaera","atlantica","8",27,""
"Zoarcidae","Melanostigma","atlanticum","8",27,""
"Stomiidae","Chauliodus","sloani","8",27,""
"Pentanchidae","Apristurus","profundorum","8",27,""
"Polynemidae","Pentanemus","quinquarius","8",27,""
"Chlorophthalmidae","Parasudis","truculenta","8",27,""
"Labridae","Tautogolabrus","adspersus","8",27,""
"Zeidae","Zenopsis","conchifer","7",27,""
"Lamnidae","Lamna","nasus","7",27,""
"Rajidae","Dipturus","laevis","7",27,""
"Cottidae","Myoxocephalus","aenaeus","8",27,""
"Osmeridae","Mallotus","villosus","7",27,""
"Pleuronectidae","Reinhardtius","hippoglossoides","7",27,""
"Labridae","Tautogolabrus","adspersus","7",27,""
"Liparidae","Liparis","atlanticus","8",27,""
"Osmeridae","Osmerus","mordax","7",27,""
"Liparidae","Liparis","fabricii","8",27,""
"Stomiidae","Stomias","boa boa","8",27,"boa"
"Liparidae","Paraliparis","copei","8",27,""
"Sternoptychidae",NA,"","8",27,""
"Torpedinidae","Tetronarce","nobiliana","8",27,""
"Callionymidae","Foetorepus","agassizii","8",27,""
"Paralichthyidae","Hippoglossina","oblonga","8",27,""
"Macrouridae","Trachyrincus","murrayi","8",27,""
"Rhinochimaeridae","Harriotta","raleighana","8",27,""
"Synaphobranchidae",NA,"","8",27,""
"Paralepididae","Magnisudis","atlantica","8",27,""
"Myctophidae","Myctophum","","8",27,""
"Etmopteridae","Etmopterus","princeps","8",27,""
"Paralichthyidae","Citharichthys","arctifrons","7",27,""
"Ogcocephalidae","Dibranchus","atlanticus","8",27,""
"Clupeidae","Alosa","aestivalis","7",27,""
"Cottidae","Icelus","bicornis","8",27,""
"Sternoptychidae","Argyropelecus","aculeatus","8",27,""
"Gadidae","Micromesistius","poutassou","8",27,""
"Stichaeidae","Leptoclinus","maculatus","8",27,""
"Macrouridae","Malacocephalus","occidentalis","8",27,""
"Liparidae","Liparis","","8",27,""
"Zoarcidae","Lycodes","terraenovae","8",27,""
"Liparidae","Liparis","gibbus","8",27,""
"Liparidae","Liparis","coheni","8",27,""
"Macrouridae","Macrourus","berglax","8",27,""
"Zoarcidae","Lycodes","esmarkii","8",27,""
"Stichaeidae","Eumesogrammus","praecisus","8",27,""
"Ammodytidae","Ammodytes","","8",27,""
"Cottidae","Artediellus","","8",27,""
"Scomberesocidae","Scomberesox","saurus saurus","8",27,"saurus"
"Stichaeidae","Lumpenus","lampretaeformis","7",27,""
"Ammodytidae",NA,"","8",27,""
"Petromyzontidae","Petromyzon","marinus","7",27,""
"Cottidae","Artediellus","","7",27,""
"Liparidae","Careproctus","reinhardti","8",27,""
"Ipnopidae","Bathypterois","dubius","8",27,""
"Ceratiidae","Ceratias","holboelli","8",27,""
"Stomiidae",NA,"","8",27,""
"Zoarcidae","Melanostigma","atlanticum","7",27,""
"Zoarcidae","Lycodes","lavalaei","8",27,""
"Liparidae","Liparis","fabricii","7",27,""
"Cottidae","Artediellus","uncinatus","7",27,""
"Pholidae","Pholis","gunnellus","7",27,""
"Liparidae","Liparis","inquilinus","7",27,""
"Moridae","Antimora","rostrata","8",27,""
"Bathylagidae","Bathylagus","euryops","8",27,""
"Triglidae",NA,"","8",27,""
"Sternoptychidae","Maurolicus","muelleri","8",27,""
"Anguillidae",NA,"","8",27,""
"Sternoptychidae","Sternoptyx","diaphana","8",27,""
"Sternoptychidae","Polyipnus","asteroides","8",27,""
"Liparidae","Careproctus","longipinnis","8",27,""
"Pleuronectidae","Platichthys","flesus","8",27,""
"Phycidae","Urophycis","regia","8",27,""
"Chlorophthalmidae",NA,"","8",27,""
"Agonidae",NA,"","8",27,""
"Cottidae","Icelus","spatula","8",27,""
"Rajidae","Dipturus","laevis","8",27,""
"Anarhichadidae","Anarhichas","minor","7",27,""
"Scomberesocidae","Scomberesox","saurus saurus","7",27,"saurus"
"Ammodytidae","Ammodytes","dubius","7",27,""
"Gadidae","Gadus","macrocephalus","8",27,""
"Cottidae","Icelus","spatula","7",27,""
"Sparidae","Stenotomus","chrysops","7",27,""
"Clupeidae","Brevoortia","tyrannus","7",27,""
"Torpedinidae","Tetronarce","nobiliana","7",27,""
"Clupeidae","Brevoortia","tyrannus","8",27,""
"Notacanthidae","Polyacanthonotus","rissoanus","8",27,""
"Trichiuridae","Benthodesmus","simonyi","8",27,""
"Cynoglossidae","Symphurus","diomedeanus","8",27,""
"Myctophidae","Diaphus","dumerilii","8",27,""
"Callionymidae",NA,"","8",27,""
"Bothidae",NA,"","8",27,""
"Zoarcidae","Gymnelus","viridis","8",27,""
"Cottidae","Gymnocanthus","tricuspis","8",27,""
"Agonidae","Aspidophoroides","olrikii","8",27,""
"Carangidae","Naucrates","ductor","8",27,""
"Agonidae",NA,"","7",27,""
"Peristediidae","Peristedion","miniatum","8",27,""
"Cynoglossidae","Symphurus","","8",27,""
"Merlucciidae","Merluccius","albidus","7",27,""
"Stichaeidae","Stichaeus","punctatus","8",27,""
"Zoarcidae","Lycenchelys","verrillii","7",27,""
"Ogcocephalidae","Halieutichthys","aculeatus","8",27,""
"Paralichthyidae","Paralichthys","dentatus","8",27,""
"Polymixiidae","Polymixia","nobilis","8",27,""
"Pholidae","Pholis","gunnellus","8",27,""
"Liparidae","Liparis","gibbus","7",27,""
"Myctophidae",NA,"","7",27,""
"Chlorophthalmidae","Chlorophthalmus","agassizi","7",27,""
"Polynemidae","Pentanemus","quinquarius","7",27,""
"Sternoptychidae","Maurolicus","muelleri","7",27,""
"Chlorophthalmidae","Parasudis","truculenta","7",27,""
"Stichaeidae","Leptoclinus","maculatus","7",27,""
"Liparidae","Liparis","atlanticus","7",27,""
"Gonostomatidae","Sigmops","elongatus","8",27,""
"Serrivomeridae","Serrivomer","","8",27,""
"Myctophidae","Lampanyctus","pusillus","8",27,""
"Sternoptychidae","Argyropelecus","","8",27,""
"Carangidae","Selene","setapinnis","7",27,""
"Chiasmodontidae","Chiasmodon","niger","8",27,""
"Myctophidae","Benthosema","","8",27,""
"Cyclopteridae","Eumicrotremus","spinosus","7",27,""
"Cottidae","Myoxocephalus","aenaeus","7",27,""
NA,NA,"","7",27,""
"Zoarcidae","Lycodichthys","dearborni","8",27,""
NA,NA,"","7",27,""
"Liparidae","Liparis","tunicatus","7",27,""
"Cottidae","Myoxocephalus","scorpius","7",27,""
"Myctophidae","Myctophum","punctatum","8",27,""
"Myctophidae","Benthosema","glaciale","8",27,""
"Myctophidae","Notoscopelus","resplendens","8",27,""
NA,NA,"","8",27,""
"Trichiuridae","Aphanopus","carbo","8",27,""
"Sternoptychidae","Polyipnus","","8",27,""
"Molidae","Mola","mola","8",27,""
"Chlorophthalmidae",NA,"","7",27,""
"Tetraodontidae","Sphoeroides","maculatus","7",27,""
"Liparidae","Careproctus","ranula","7",27,""
"Cottidae","Triglops","pingelii","8",27,""
"Grammicolepididae","Xenolepidichthys","dalgleishi","8",27,""
"Somniosidae","Centroscymnus","coelolepis","8",27,""
"Alepocephalidae","Xenodermichthys","copei","8",27,""
"Stomiidae","Melanostomias","","8",27,""
"Stomiidae","Malacosteus","niger","8",27,""
"Centriscidae","Macroramphosus","scolopax","8",27,""
"Osmeridae","Osmerus","mordax","8",27,""
"Gasterosteidae","Gasterosteus","aculeatus aculeatus","7",27,"aculeatus"
"Lotidae","Gaidropsarus","ensis","8",27,""
"Centrolophidae","Hyperoglyphe","perciformis","8",27,""
"Halosauridae","Halosauropsis","macrochir","8",27,""
"Alepocephalidae","Alepocephalus","agassizii","8",27,""
"Alepocephalidae","Rouleina","attrita","8",27,""
"Melamphaidae","Scopelogadus","beanii","8",27,""
"Alepocephalidae","Bajacalifornia","megalops","8",27,""
"Platytroctidae","Holtbyrnia","anomala","8",27,""
"Bathysauridae","Bathysaurus","ferox","8",27,""
"Chimaeridae","Hydrolagus","affinis","8",27,""
"Halosauridae","Aldrovandia","affinis","8",27,""
"Halosauridae","Aldrovandia","phalacra","8",27,""
"Myctophidae","Symbolophorus","veranyi","8",27,""
"Gonostomatidae","Sigmops","bathyphilus","8",27,""
"Myctophidae","Lampanyctus","macdonaldi","8",27,""
"Serrivomeridae","Serrivomer","beanii","8",27,""
"Notosudidae","Scopelosaurus","lepidus","8",27,""
"Melamphaidae","Melamphaes","suborbitalis","8",27,""
"Synaphobranchidae","Ilyophis","brunneus","8",27,""
"Macrouridae","Coryphaenoides","carapinus","8",27,""
"Moridae","Halargyreus","johnsonii","8",27,""
"Pentanchidae","Apristurus","laurussonii","8",27,""
"Paralepididae","Arctozenus","risso","7",27,""
"Liparidae","Careproctus","reinhardti","7",27,""
"Liparidae","Careproctus","","7",27,""
"Grammicolepididae","Grammicolepis","brachiusculus","8",27,""
"Nemichthyidae","Nemichthys","scolopaceus","7",27,""
"Zoarcidae",NA,"","8",27,""
"Derichthyidae","Derichthys","serpentinus","8",27,""
"Sternoptychidae","Argyropelecus","gigas","8",27,""
"Macrouridae","Nezumia","","8",27,""
"Paralepididae","Paralepis","elongata","8",27,""
"Lotidae","Gaidropsarus","argentatus","8",27,""
"Myctophidae","Notoscopelus","kroyeri","8",27,""
"Bythitidae","Cataetyx","laticeps","8",27,""
"Eurypharyngidae","Eurypharynx","pelecanoides","8",27,""
"Oreosomatidae","Neocyttus","helgae","8",27,""
"Myctophidae","Lampadena","speculigera","8",27,""
"Pentanchidae","Apristurus","","8",27,""
"Paralepididae","Paralepis","","8",27,""
"Alepocephalidae","Rouleina","maderensis","8",27,""
"Ophidiidae","Dicrolene","introniger","8",27,""
"Ipnopidae","Bathypterois","longipes","8",27,""
"Moridae",NA,"","8",27,""
"Derichthyidae","Nessorhamphus","ingolfianus","8",27,""
"Alepocephalidae","Alepocephalus","bairdii","8",27,""
"Stomiidae","Borostomias","antarcticus","8",27,""
"Chiasmodontidae","Chiasmodon","","8",27,""
"Macrouridae",NA,"","8",27,""
"Anoplogastridae","Anoplogaster","cornuta","8",27,""
"Stomiidae","Borostomias","","8",27,""
"Rondeletiidae","Rondeletia","loricata","8",27,""
"Stomiidae","Aristostomias","","8",27,""
"Synodontidae","Saurida","brasiliensis","8",27,""
"Ipnopidae","Bathypterois","","8",27,""
"Alepocephalidae","Conocara","salmoneum","8",27,""
"Moridae","Laemonema","","8",27,""
"Parazenidae","Cyttopsis","rosea","8",27,""
"Petromyzontidae","Petromyzon","marinus","8",27,""
"Ipnopidae","Bathypterois","quadrifilis","8",27,""
"Macrouridae","Coryphaenoides","","8",27,""
"Ophidiidae","Bassogigas","gillii","8",27,""
"Stomiidae","Photostomias","guernei","8",27,""
"Ophidiidae",NA,"","8",27,""
"Gonostomatidae",NA,"","8",27,""
"Myctophidae","Hygophum","hygomii","8",27,""
"Liparidae","Paraliparis","garmani","8",27,""
"Phosichthyidae","Vinciguerria","nimbaria","8",27,""
"Ipnopidae","Bathypterois","phenax","8",27,""
"Rajidae","Amblyraja","jenseni","8",27,""
"Ipnopidae","Bathypterois","grallator","8",27,""
"Oneirodidae","Oneirodes","","8",27,""
"Omosudidae","Omosudis","lowii","8",27,""
"Myctophidae","Notoscopelus","bolini","8",27,""
"Howellidae","Howella","brodiei","8",27,""
"Myctophidae","Lobianchia","dofleini","8",27,""
"Myctophidae","Taaningichthys","minimus","8",27,""
"Chiasmodontidae","Pseudoscopelus","","8",27,""
"Alepocephalidae","Rouleina","","8",27,""
"Notacanthidae","Lipogenys","gillii","8",27,""
"Gonostomatidae","Cyclothone","","8",27,""
"Alepocephalidae","Alepocephalus","","8",27,""
"Myctophidae","Lampanyctus","photonotus","8",27,""
"Myctophidae","Lampadena","","8",27,""
"Nomeidae","Cubiceps","gracilis","8",27,""
"Alepisauridae","Alepisaurus","brevirostris","8",27,""
"Rajidae",NA,"","8",27,""
"Melamphaidae","Poromitra","crassiceps","8",27,""
"Melamphaidae","Scopeloberyx","robustus","8",27,""
"Alepocephalidae","Bathytroctes","microlepis","8",27,""
"Rajidae","Leucoraja","","7",27,""
"Serranidae","Anthias","nicholsi","8",27,""
"Melamphaidae","Scopelogadus","","8",27,""
"Nettastomatidae","Venefica","procera","8",27,""
"Moridae","Lepidion","schmidti","8",27,""
"Rajidae","Leucoraja","","8",27,""
"Liparidae","Paraliparis","calidus","8",27,""
"Clupeidae","Alosa","aestivalis","8",27,""
"Myctophidae","Benthosema","glaciale","7",27,""
"Stichaeidae","Anisarchus","medius","8",27,""
"Phycidae","Urophycis","","8",27,""
"Myctophidae","Notoscopelus","","8",27,""
"Myctophidae","Ceratoscopelus","maderensis","7",27,""
"Myctophidae","Myctophum","punctatum","7",27,""
"Myctophidae","Diaphus","dumerilii","7",27,""
"Myctophidae","Hygophum","hygomii","7",27,""
"Paralepididae","Paralepis","","7",27,""
"Congridae","Conger","conger","7",27,""
"Phycidae","Urophycis","regia","7",27,""
